frame_query,tempo_query_s,frame_reference,tempo_reference_s,costo_locale
0,0.0,0,0.0,0.53294
5,0.083,5,0.083,0.53467
10,0.167,10,0.167,0.54263
15,0.25,15,0.25,0.54415
20,0.333,20,0.333,0.54013
25,0.417,25,0.417,0.53997
30,0.5,30,0.5,0.54629
35,0.583,35,0.583,0.53729
40,0.667,40,0.667,0.54043
45,0.75,45,0.75,0.53231
50,0.833,50,0.833,0.53617
55,0.917,55,0.917,0.53473
60,1.0,60,1.0,0.53512
65,1.083,65,1.083,0.52835
70,1.167,70,1.167,0.52329
75,1.25,75,1.25,0.51468
80,1.333,80,1.333,0.5136
85,1.417,85,1.417,0.50968
90,1.5,90,1.5,0.5046
95,1.583,95,1.583,0.51948
100,1.667,100,1.667,0.50716
105,1.75,105,1.75,0.5008
110,1.833,110,1.833,0.49859
115,1.917,115,1.917,0.49918
120,2.0,120,2.0,0.49766
125,2.083,125,2.083,0.48879
130,2.167,130,2.167,0.48031
135,2.25,135,2.25,0.47849
140,2.333,140,2.333,0.48268
145,2.417,145,2.417,0.48681
150,2.5,150,2.5,0.48608
155,2.583,155,2.583,0.47383
160,2.667,160,2.667,0.46915
165,2.75,165,2.75,0.45367
170,2.833,170,2.833,0.44498
175,2.917,175,2.917,0.44829
180,3.0,180,3.0,0.44231
185,3.083,185,3.083,0.41558
190,3.167,190,3.167,0.38106
195,3.25,195,3.25,0.52807
200,3.333,200,3.333,0.52656
205,3.417,205,3.417,0.49154
210,3.5,210,3.5,0.43301
215,3.583,215,3.583,0.40435
220,3.667,220,3.667,0.47753
225,3.75,225,3.75,0.48454
230,3.833,230,3.833,0.4895
235,3.917,235,3.917,0.5064
240,4.0,240,4.0,0.51423
245,4.083,245,4.083,0.51401
250,4.167,250,4.167,0.49902
255,4.25,255,4.25,0.49847
260,4.333,260,4.333,0.49398
265,4.417,265,4.417,0.4609
270,4.5,270,4.5,0.36973
275,4.583,270,4.5,0.37732
280,4.667,270,4.5,0.37489
285,4.75,270,4.5,0.36833
290,4.833,270,4.5,0.3645
295,4.917,270,4.5,0.37077
300,5.0,275,4.583,0.42787
305,5.083,280,4.667,0.44779
310,5.167,285,4.75,0.46934
315,5.25,290,4.833,0.47298
320,5.333,295,4.917,0.46193
325,5.417,300,5.0,0.45778
330,5.5,305,5.083,0.45089
335,5.583,310,5.167,0.4423
340,5.667,315,5.25,0.44782
345,5.75,320,5.333,0.43667
350,5.833,325,5.417,0.43603
355,5.917,330,5.5,0.43521
360,6.0,335,5.583,0.4224
365,6.083,340,5.667,0.43082
370,6.167,345,5.75,0.42852
375,6.25,350,5.833,0.42379
380,6.333,355,5.917,0.42664
385,6.417,360,6.0,0.42515
390,6.5,365,6.083,0.43488
395,6.583,370,6.167,0.43766
400,6.667,375,6.25,0.43637
405,6.75,380,6.333,0.43386
410,6.833,385,6.417,0.44037
415,6.917,390,6.5,0.43169
420,7.0,395,6.583,0.39939
425,7.083,400,6.667,0.40172
430,7.167,405,6.75,0.40018
435,7.25,410,6.833,0.40114
440,7.333,415,6.917,0.39899
445,7.417,420,7.0,0.40773
450,7.5,425,7.083,0.39558
455,7.583,430,7.167,0.40262
460,7.667,435,7.25,0.39875
465,7.75,440,7.333,0.39789
470,7.833,445,7.417,0.38868
475,7.917,450,7.5,0.38655
480,8.0,455,7.583,0.36963
485,8.083,460,7.667,0.37617
490,8.167,465,7.75,0.37638
495,8.25,470,7.833,0.37458
500,8.333,475,7.917,0.34583
505,8.417,480,8.0,0.33413
510,8.5,485,8.083,0.32684
515,8.583,490,8.167,0.32949
520,8.667,495,8.25,0.34109
525,8.75,500,8.333,0.34443
530,8.833,505,8.417,0.34153
535,8.917,510,8.5,0.34614
540,9.0,515,8.583,0.33273
545,9.083,515,8.583,0.32931
550,9.167,515,8.583,0.3407
555,9.25,515,8.583,0.34574
560,9.333,520,8.667,0.34265
565,9.417,525,8.75,0.34853
570,9.5,530,8.833,0.36022
575,9.583,535,8.917,0.35783
580,9.667,540,9.0,0.35908
585,9.75,545,9.083,0.34261
590,9.833,550,9.167,0.34113
595,9.917,555,9.25,0.35358
600,10.0,560,9.333,0.3461
605,10.083,565,9.417,0.3353
610,10.167,570,9.5,0.33381
615,10.25,575,9.583,0.30657
620,10.333,580,9.667,0.31076
625,10.417,585,9.75,0.30498
630,10.5,590,9.833,0.32491
635,10.583,595,9.917,0.35163
640,10.667,600,10.0,0.35592
645,10.75,605,10.083,0.35861
650,10.833,610,10.167,0.36587
655,10.917,615,10.25,0.36543
660,11.0,620,10.333,0.36321
665,11.083,625,10.417,0.37378
670,11.167,630,10.5,0.37298
675,11.25,635,10.583,0.36717
680,11.333,640,10.667,0.35512
685,11.417,645,10.75,0.36077
690,11.5,650,10.833,0.35917
695,11.583,655,10.917,0.50417
700,11.667,660,11.0,0.36149
705,11.75,665,11.083,0.34448
710,11.833,665,11.083,0.33831
715,11.917,665,11.083,0.33501
720,12.0,665,11.083,0.33684
725,12.083,665,11.083,0.36052
730,12.167,665,11.083,0.35425
735,12.25,665,11.083,0.34069
740,12.333,665,11.083,0.3297
745,12.417,665,11.083,0.33586
750,12.5,665,11.083,0.33662
755,12.583,665,11.083,0.34838
760,12.667,665,11.083,0.35042
765,12.75,665,11.083,0.3488
770,12.833,665,11.083,0.32815
775,12.917,665,11.083,0.30929
780,13.0,665,11.083,0.29575
785,13.083,665,11.083,0.29463
790,13.167,665,11.083,0.2944
795,13.25,665,11.083,0.30256
800,13.333,665,11.083,0.31916
805,13.417,665,11.083,0.32073
810,13.5,670,11.167,0.3291
815,13.583,675,11.25,0.34802
820,13.667,680,11.333,0.52477
825,13.75,685,11.417,0.55761
830,13.833,690,11.5,0.32479
835,13.917,690,11.5,0.30222
840,14.0,690,11.5,0.28753
845,14.083,690,11.5,0.26961
850,14.167,690,11.5,0.25832
855,14.25,690,11.5,0.24166
860,14.333,690,11.5,0.23807
865,14.417,690,11.5,0.24851
870,14.5,690,11.5,0.25134
875,14.583,690,11.5,0.29458
880,14.667,690,11.5,0.30148
885,14.75,690,11.5,0.31061
890,14.833,690,11.5,0.31194
895,14.917,690,11.5,0.30933
900,15.0,690,11.5,0.30419
905,15.083,690,11.5,0.2975
910,15.167,695,11.583,0.32443
915,15.25,700,11.667,0.34424
920,15.333,705,11.75,0.36125
925,15.417,710,11.833,0.36726
930,15.5,715,11.917,0.36974
935,15.583,720,12.0,0.35987
940,15.667,725,12.083,0.34814
945,15.75,730,12.167,0.35953
950,15.833,735,12.25,0.35171
955,15.917,740,12.333,0.34716
960,16.0,745,12.417,0.31711
965,16.083,750,12.5,0.31144
970,16.167,755,12.583,0.30892
975,16.25,760,12.667,0.31216
980,16.333,765,12.75,0.31161
985,16.417,770,12.833,0.31183
990,16.5,775,12.917,0.31269
995,16.583,780,13.0,0.33384
1000,16.667,785,13.083,0.35145
1005,16.75,790,13.167,0.34871
1010,16.833,795,13.25,0.34267
1015,16.917,800,13.333,0.33439
1020,17.0,805,13.417,0.34139
1025,17.083,810,13.5,0.34466
1030,17.167,815,13.583,0.34563
1035,17.25,820,13.667,0.35747
1040,17.333,825,13.75,0.36548
1045,17.417,830,13.833,0.35524
1050,17.5,835,13.917,0.37227
1055,17.583,840,14.0,0.36876
1060,17.667,845,14.083,0.36559
1065,17.75,850,14.167,0.3633
1070,17.833,855,14.25,0.35801
1075,17.917,860,14.333,0.36706
1080,18.0,865,14.417,0.38351
1085,18.083,870,14.5,0.39158
1090,18.167,875,14.583,0.3863
1095,18.25,880,14.667,0.38665
1100,18.333,885,14.75,0.38263
1105,18.417,890,14.833,0.37648
1110,18.5,895,14.917,0.37582
1115,18.583,900,15.0,0.37721
1120,18.667,905,15.083,0.37284
1125,18.75,910,15.167,0.3791
1130,18.833,915,15.25,0.37221
1135,18.917,920,15.333,0.37745
1140,19.0,925,15.417,0.37267
1145,19.083,930,15.5,0.39171
1150,19.167,935,15.583,0.35098
1155,19.25,940,15.667,0.33404
1160,19.333,945,15.75,0.30658
1165,19.417,950,15.833,0.29238
1170,19.5,955,15.917,0.23724
1175,19.583,960,16.0,0.24492
1180,19.667,965,16.083,0.26068
1185,19.75,970,16.167,0.25508
1190,19.833,975,16.25,0.27916
1195,19.917,980,16.333,0.4045
1200,20.0,985,16.417,0.45249
1205,20.083,990,16.5,0.46208
1210,20.167,995,16.583,0.50422
1215,20.25,1000,16.667,0.50083
1220,20.333,1005,16.75,0.36654
1225,20.417,1010,16.833,0.40357
1230,20.5,1015,16.917,0.31454
1235,20.583,1020,17.0,0.31854
1240,20.667,1025,17.083,0.34285
1245,20.75,1030,17.167,0.33703
1250,20.833,1035,17.25,0.34244
1255,20.917,1040,17.333,0.36601
1260,21.0,1045,17.417,0.35785
1265,21.083,1050,17.5,0.36749
1270,21.167,1055,17.583,0.35165
1275,21.25,1060,17.667,0.36018
1280,21.333,1065,17.75,0.35982
1285,21.417,1070,17.833,0.37854
1290,21.5,1075,17.917,0.38836
1295,21.583,1080,18.0,0.40464
1300,21.667,1085,18.083,0.40541
1305,21.75,1090,18.167,0.41059
1310,21.833,1095,18.25,0.38027
1315,21.917,1100,18.333,0.38776
1320,22.0,1105,18.417,0.39419
1325,22.083,1110,18.5,0.36554
1330,22.167,1115,18.583,0.37794
1335,22.25,1120,18.667,0.39648
1340,22.333,1125,18.75,0.4187
1345,22.417,1130,18.833,0.42293
1350,22.5,1135,18.917,0.42321
1355,22.583,1140,19.0,0.43586
1360,22.667,1145,19.083,0.43382
1365,22.75,1150,19.167,0.42007
1370,22.833,1155,19.25,0.41953
1375,22.917,1160,19.333,0.42627
1380,23.0,1165,19.417,0.44428
1385,23.083,1170,19.5,0.44956
1390,23.167,1175,19.583,0.45717
1395,23.25,1180,19.667,0.46901
1400,23.333,1185,19.75,0.48122
1405,23.417,1190,19.833,0.48186
1410,23.5,1195,19.917,0.49033
1415,23.583,1200,20.0,0.48505
1420,23.667,1205,20.083,0.49001
1425,23.75,1210,20.167,0.48421
1430,23.833,1215,20.25,0.4977
1435,23.917,1220,20.333,0.52252
1440,24.0,1225,20.417,0.57365
1445,24.083,1230,20.5,0.57961
1450,24.167,1235,20.583,0.57951
1455,24.25,1240,20.667,0.56544
1460,24.333,1245,20.75,0.55052
1465,24.417,1250,20.833,0.55436
1470,24.5,1255,20.917,0.55853
1475,24.583,1260,21.0,0.578
1480,24.667,1265,21.083,0.58314
1485,24.75,1270,21.167,0.57592
1490,24.833,1275,21.25,0.57473
1495,24.917,1280,21.333,0.60054
1500,25.0,1285,21.417,0.62626
1505,25.083,1290,21.5,0.64436
1510,25.167,1295,21.583,0.62061
1515,25.25,1300,21.667,0.59772
1520,25.333,1305,21.75,0.57071
1525,25.417,1310,21.833,0.54763
1530,25.5,1315,21.917,0.53251
1535,25.583,1320,22.0,0.53089
1540,25.667,1325,22.083,0.51536
1545,25.75,1330,22.167,0.50922
1550,25.833,1335,22.25,0.50589
1555,25.917,1340,22.333,0.50799
1560,26.0,1345,22.417,0.50741
1565,26.083,1350,22.5,0.50532
1570,26.167,1355,22.583,0.49742
1575,26.25,1360,22.667,0.50785
1580,26.333,1365,22.75,0.52728
1585,26.417,1370,22.833,0.52498
1590,26.5,1375,22.917,0.49043
1595,26.583,1380,23.0,0.46918
1600,26.667,1385,23.083,0.43317
1605,26.75,1390,23.167,0.40639
1610,26.833,1395,23.25,0.39535
1615,26.917,1400,23.333,0.38787
1620,27.0,1405,23.417,0.40483
1625,27.083,1410,23.5,0.40994
1630,27.167,1415,23.583,0.41908
1635,27.25,1420,23.667,0.41552
1640,27.333,1425,23.75,0.39448
1645,27.417,1430,23.833,0.36728
1650,27.5,1435,23.917,0.35315
1655,27.583,1440,24.0,0.35425
1660,27.667,1445,24.083,0.35972
1665,27.75,1450,24.167,0.36244
1670,27.833,1455,24.25,0.38028
1675,27.917,1460,24.333,0.39022
1680,28.0,1465,24.417,0.37882
1685,28.083,1470,24.5,0.3652
1690,28.167,1475,24.583,0.38011
1695,28.25,1480,24.667,0.37392
1700,28.333,1485,24.75,0.34316
1705,28.417,1490,24.833,0.33427
1710,28.5,1495,24.917,0.32163
1715,28.583,1500,25.0,0.32578
1720,28.667,1505,25.083,0.32672
1725,28.75,1510,25.167,0.33906
1730,28.833,1515,25.25,0.3366
1735,28.917,1520,25.333,0.3236
1740,29.0,1525,25.417,0.30454
1745,29.083,1530,25.5,0.29958
1750,29.167,1530,25.5,0.29458
1755,29.25,1530,25.5,0.29525
1760,29.333,1530,25.5,0.28308
1765,29.417,1535,25.583,0.2836
1770,29.5,1540,25.667,0.29969
1775,29.583,1545,25.75,0.39462
1780,29.667,1550,25.833,0.37064
1785,29.75,1555,25.917,0.2891
1790,29.833,1560,26.0,0.25437
1795,29.917,1560,26.0,0.24494
1800,30.0,1560,26.0,0.25342
1805,30.083,1560,26.0,0.25344
1810,30.167,1560,26.0,0.25964
1815,30.25,1560,26.0,0.2592
1820,30.333,1560,26.0,0.26779
1825,30.417,1560,26.0,0.27111
1830,30.5,1560,26.0,0.26671
1835,30.583,1560,26.0,0.27094
1840,30.667,1560,26.0,0.26817
1845,30.75,1560,26.0,0.24342
1850,30.833,1560,26.0,0.24505
1855,30.917,1560,26.0,0.24594
1860,31.0,1560,26.0,0.24349
1865,31.083,1560,26.0,0.23107
1870,31.167,1560,26.0,0.24257
1875,31.25,1560,26.0,0.25548
1880,31.333,1560,26.0,0.26734
1885,31.417,1560,26.0,0.27552
1890,31.5,1560,26.0,0.27518
1895,31.583,1560,26.0,0.27536
1900,31.667,1560,26.0,0.2731
1905,31.75,1560,26.0,0.26616
1910,31.833,1560,26.0,0.26866
1915,31.917,1560,26.0,0.2788
1920,32.0,1560,26.0,0.29674
1925,32.083,1560,26.0,0.31432
1930,32.167,1560,26.0,0.32399
1935,32.25,1560,26.0,0.3052
1940,32.333,1560,26.0,0.28312
1945,32.417,1560,26.0,0.2756
1950,32.5,1560,26.0,0.26087
1955,32.583,1560,26.0,0.26281
1960,32.667,1560,26.0,0.26226
1965,32.75,1560,26.0,0.25833
1970,32.833,1560,26.0,0.24291
1975,32.917,1560,26.0,0.23808
1980,33.0,1560,26.0,0.23522
1985,33.083,1560,26.0,0.2139
1990,33.167,1560,26.0,0.22521
1995,33.25,1560,26.0,0.23582
2000,33.333,1560,26.0,0.22516
2005,33.417,1560,26.0,0.22873
2010,33.5,1560,26.0,0.23301
2015,33.583,1560,26.0,0.25015
2020,33.667,1560,26.0,0.25381
2025,33.75,1560,26.0,0.26031
2030,33.833,1560,26.0,0.25927
2035,33.917,1560,26.0,0.26812
2040,34.0,1560,26.0,0.27096
2045,34.083,1560,26.0,0.27558
2050,34.167,1560,26.0,0.2765
2055,34.25,1560,26.0,0.26683
2060,34.333,1560,26.0,0.26617
2065,34.417,1560,26.0,0.26534
2070,34.5,1560,26.0,0.25362
2075,34.583,1560,26.0,0.24692
2080,34.667,1560,26.0,0.24084
2085,34.75,1560,26.0,0.25305
2090,34.833,1560,26.0,0.25031
2095,34.917,1560,26.0,0.2657
2100,35.0,1560,26.0,0.2694
2105,35.083,1560,26.0,0.28023
2110,35.167,1560,26.0,0.27882
2115,35.25,1560,26.0,0.26853
2120,35.333,1560,26.0,0.27744
2125,35.417,1560,26.0,0.29
2130,35.5,1560,26.0,0.28199
2135,35.583,1560,26.0,0.29048
2140,35.667,1560,26.0,0.2965
2145,35.75,1560,26.0,0.30515
2150,35.833,1560,26.0,0.308
2155,35.917,1560,26.0,0.32615
2160,36.0,1560,26.0,0.31175
2165,36.083,1560,26.0,0.29218
2170,36.167,1560,26.0,0.30559
2175,36.25,1560,26.0,0.32033
2180,36.333,1560,26.0,0.32213
2185,36.417,1560,26.0,0.30685
2190,36.5,1560,26.0,0.28588
2195,36.583,1560,26.0,0.27332
2200,36.667,1560,26.0,0.26303
2205,36.75,1560,26.0,0.26362
2210,36.833,1560,26.0,0.27137
2215,36.917,,,0.25581
2220,37.0,,,0.24264
2225,37.083,,,0.22842
2230,37.167,,,0.20965
2235,37.25,,,0.21039
2240,37.333,,,0.21527
2245,37.417,,,0.20568
2250,37.5,,,0.21102
2255,37.583,,,0.22966
2260,37.667,,,0.23564
2265,37.75,,,0.25227
2270,37.833,,,0.24136
2275,37.917,,,0.23811
2280,38.0,,,0.23812
2285,38.083,,,0.24806
2290,38.167,,,0.24834
2295,38.25,,,0.24554
2300,38.333,,,0.24555
2305,38.417,,,0.22689
2310,38.5,,,0.23377
2315,38.583,,,0.22679
2320,38.667,,,0.23708
2325,38.75,,,0.2408
2330,38.833,,,0.24425
2335,38.917,,,0.24024
2340,39.0,,,0.24053
2345,39.083,,,0.23668
2350,39.167,,,0.23162
2355,39.25,,,0.24232
2360,39.333,,,0.24105
2365,39.417,,,0.23633
2370,39.5,,,0.22114
2375,39.583,,,0.21541
2380,39.667,,,0.21449
2385,39.75,,,0.22296
2390,39.833,,,0.21817
2395,39.917,,,0.21419
2400,40.0,,,0.21815
2405,40.083,,,0.23132
2410,40.167,,,0.23931
2415,40.25,,,0.24815
2420,40.333,,,0.26458
2425,40.417,,,0.26963
2430,40.5,,,0.27398
2435,40.583,,,0.26954
2440,40.667,,,0.26269
2445,40.75,,,0.27577
2450,40.833,,,0.28388
2455,40.917,,,0.26592
2460,41.0,,,0.26126
2465,41.083,,,0.26246
2470,41.167,,,0.26522
2475,41.25,,,0.24193
2480,41.333,,,0.24043
2485,41.417,,,0.24317
2490,41.5,,,0.23297
2495,41.583,,,0.22617
2500,41.667,,,0.22396
2505,41.75,,,0.22034
2510,41.833,,,0.21764
2515,41.917,,,0.19884
2520,42.0,,,0.20787
2525,42.083,,,0.21354
2530,42.167,,,0.21014
2535,42.25,,,0.21917
2540,42.333,,,0.21695
2545,42.417,,,0.22187
2550,42.5,,,0.23778
2555,42.583,,,0.24821
2560,42.667,,,0.2395
2565,42.75,,,0.29638
2570,42.833,,,0.47615
2575,42.917,,,0.50401
2580,43.0,,,0.48329
2585,43.083,,,0.38029
2590,43.167,,,0.38849
2595,43.25,,,0.3878
2600,43.333,,,0.39942
2605,43.417,,,0.40122
2610,43.5,,,0.41534
2615,43.583,,,0.41761
2620,43.667,,,0.42013
2625,43.75,,,0.40722
2630,43.833,,,0.40351
2635,43.917,,,0.41336
2640,44.0,,,0.41351
2645,44.083,,,0.41932
2650,44.167,,,0.41171
2655,44.25,,,0.40029
2660,44.333,,,0.61378
2665,44.417,,,0.61055
2670,44.5,,,0.60795
2675,44.583,,,0.61353
2680,44.667,,,0.59515
2685,44.75,,,0.58563
2690,44.833,,,0.55951
2695,44.917,,,0.39394
2700,45.0,,,0.38781
2705,45.083,,,0.36664
2710,45.167,,,0.3902
2715,45.25,,,0.4375
2720,45.333,,,0.3736
2725,45.417,,,0.38961
2730,45.5,,,0.41488
2735,45.583,,,0.41863
2740,45.667,,,0.38474
2745,45.75,,,0.4103
2750,45.833,,,0.34592
2755,45.917,,,0.3238
2760,46.0,,,0.3868
2765,46.083,,,0.31359
2770,46.167,,,0.48243
2775,46.25,,,0.37361
2780,46.333,,,0.33835
2785,46.417,,,0.37671
2790,46.5,,,0.37701
2795,46.583,,,0.39663
2800,46.667,,,0.3876
2805,46.75,,,0.44617
2810,46.833,,,0.4319
2815,46.917,,,0.43385
2820,47.0,,,0.45424
2825,47.083,,,0.46204
2830,47.167,,,0.4337
2835,47.25,,,0.44699
2840,47.333,,,0.45286
2845,47.417,,,0.44809
2850,47.5,,,0.49767
2855,47.583,,,0.46323
2860,47.667,,,0.53958
2865,47.75,,,0.45838
2870,47.833,,,0.45872
2875,47.917,,,0.41732
2880,48.0,,,0.45465
2885,48.083,,,0.46072
2890,48.167,,,0.50406
2895,48.25,,,0.41644
2900,48.333,,,0.41554
2905,48.417,,,0.48397
2910,48.5,,,0.45051
2915,48.583,,,0.41914
2920,48.667,,,0.42116
2925,48.75,,,0.43897
2930,48.833,,,0.33605
2935,48.917,,,0.33199
2940,49.0,,,0.33248
2945,49.083,,,0.30774
2950,49.167,,,0.3112
2955,49.25,,,0.30927
2960,49.333,,,0.40987
2965,49.417,,,0.34128
2970,49.5,,,0.38886
2975,49.583,,,0.35739
2980,49.667,,,0.30829
2985,49.75,,,0.47155
2990,49.833,,,0.55448
2995,49.917,,,0.36094
3000,50.0,,,0.47655
3005,50.083,,,0.48958
3010,50.167,,,0.50128
3015,50.25,,,0.49915
3020,50.333,,,0.49828
3025,50.417,,,0.50944
3030,50.5,,,0.49253
3035,50.583,,,0.7221
3040,50.667,,,0.51374
3045,50.75,,,0.59114
3050,50.833,,,0.44035
3055,50.917,,,0.5293
3060,51.0,,,0.46582
3065,51.083,,,0.69267
3070,51.167,,,0.56614
3075,51.25,,,0.76396
3080,51.333,,,0.76812
3085,51.417,,,0.50549
3090,51.5,,,0.51208
3095,51.583,,,0.48558
3100,51.667,,,0.49101
3105,51.75,,,0.4543
3110,51.833,,,0.43013
