recall,rotaie,pali,vegetazione,media
0.00000,1.00000,1.00000,1.00000,1.00000
0.00100,1.00000,0.98333,1.00000,0.99444
0.00200,0.94118,0.98333,1.00000,0.97484
0.00300,0.94118,0.96875,1.00000,0.96998
0.00400,0.94118,0.91209,1.00000,0.95109
0.00501,0.94118,0.90809,1.00000,0.94975
0.00601,0.94118,0.90809,1.00000,0.94975
0.00701,0.94118,0.90809,1.00000,0.94975
0.00801,0.94118,0.90809,1.00000,0.94975
0.00901,0.94118,0.90809,1.00000,0.94975
0.01001,0.94118,0.90809,1.00000,0.94975
0.01101,0.94118,0.90809,1.00000,0.94975
0.01201,0.94118,0.90809,1.00000,0.94975
0.01301,0.94118,0.90726,1.00000,0.94948
0.01401,0.94118,0.90726,1.00000,0.94948
0.01502,0.94118,0.90726,1.00000,0.94948
0.01602,0.94118,0.90726,0.99623,0.94822
0.01702,0.94118,0.90726,0.99379,0.94741
0.01802,0.94118,0.90726,0.99379,0.94741
0.01902,0.94118,0.90726,0.99379,0.94741
0.02002,0.94118,0.90726,0.99229,0.94691
0.02102,0.94118,0.90726,0.99229,0.94691
0.02202,0.94118,0.90726,0.99229,0.94691
0.02302,0.94118,0.90182,0.99229,0.94509
0.02402,0.94000,0.90182,0.99005,0.94396
0.02503,0.94000,0.90112,0.98881,0.94331
0.02603,0.94000,0.90112,0.98881,0.94331
0.02703,0.94000,0.90112,0.98881,0.94331
0.02803,0.94000,0.89828,0.98869,0.94232
0.02903,0.94000,0.89608,0.98869,0.94159
0.03003,0.94000,0.89091,0.98869,0.93987
0.03103,0.94000,0.89091,0.98869,0.93987
0.03203,0.93870,0.88903,0.98869,0.93881
0.03303,0.93675,0.88903,0.98869,0.93816
0.03403,0.93675,0.88903,0.98869,0.93816
0.03504,0.93675,0.88823,0.98869,0.93789
0.03604,0.93675,0.88823,0.98869,0.93789
0.03704,0.93675,0.88631,0.98869,0.93725
0.03804,0.93675,0.88396,0.98736,0.93602
0.03904,0.93675,0.88146,0.98626,0.93482
0.04004,0.93675,0.88146,0.98525,0.93449
0.04104,0.93675,0.88146,0.98525,0.93449
0.04204,0.93294,0.88146,0.98400,0.93280
0.04304,0.93064,0.87929,0.98400,0.93131
0.04404,0.92533,0.87867,0.98400,0.92933
0.04505,0.92533,0.87629,0.98400,0.92854
0.04605,0.92533,0.87603,0.98400,0.92846
0.04705,0.92268,0.87523,0.98400,0.92730
0.04805,0.91860,0.87478,0.98400,0.92580
0.04905,0.91860,0.87478,0.98400,0.92580
0.05005,0.91860,0.86968,0.98400,0.92409
0.05105,0.91860,0.86420,0.98400,0.92227
0.05205,0.91860,0.86364,0.98400,0.92208
0.05305,0.91572,0.86215,0.98400,0.92062
0.05405,0.91434,0.86126,0.98333,0.91965
0.05506,0.91434,0.85922,0.98242,0.91866
0.05606,0.91434,0.85768,0.97966,0.91723
0.05706,0.91434,0.85077,0.97787,0.91433
0.05806,0.91434,0.84814,0.97727,0.91325
0.05906,0.91434,0.84642,0.97700,0.91259
0.06006,0.91434,0.84557,0.97700,0.91231
0.06106,0.91434,0.84373,0.97535,0.91114
0.06206,0.91279,0.84224,0.97526,0.91010
0.06306,0.91221,0.83984,0.97526,0.90911
0.06406,0.90842,0.83772,0.97403,0.90672
0.06507,0.90842,0.83292,0.97364,0.90499
0.06607,0.90842,0.83252,0.97364,0.90486
0.06707,0.90597,0.83100,0.97227,0.90308
0.06807,0.90541,0.82906,0.97187,0.90211
0.06907,0.90541,0.82611,0.97187,0.90113
0.07007,0.90541,0.82468,0.97187,0.90065
0.07107,0.90541,0.81777,0.97059,0.89792
0.07207,0.90017,0.81576,0.96867,0.89487
0.07307,0.89871,0.81386,0.96743,0.89334
0.07407,0.89871,0.81106,0.96699,0.89225
0.07508,0.89809,0.80977,0.96695,0.89160
0.07608,0.89392,0.80759,0.96695,0.88949
0.07708,0.89352,0.80581,0.96695,0.88876
0.07808,0.89313,0.80392,0.96505,0.88737
0.07908,0.89037,0.80329,0.96481,0.88616
0.08008,0.89037,0.80069,0.96481,0.88529
0.08108,0.89035,0.80010,0.96481,0.88509
0.08208,0.88889,0.79895,0.96481,0.88422
0.08308,0.88658,0.79720,0.96481,0.88287
0.08408,0.88658,0.79573,0.96481,0.88238
0.08509,0.88658,0.79470,0.96401,0.88176
0.08609,0.88652,0.79313,0.96357,0.88107
0.08709,0.88652,0.78933,0.96356,0.87980
0.08809,0.88652,0.78735,0.96356,0.87914
0.08909,0.88387,0.78735,0.96282,0.87801
0.09009,0.88387,0.78547,0.96255,0.87730
0.09109,0.88387,0.78166,0.96171,0.87575
0.09209,0.88386,0.77819,0.96115,0.87440
0.09309,0.88386,0.77564,0.96115,0.87355
0.09409,0.88386,0.77339,0.96113,0.87279
0.09510,0.88386,0.77045,0.96040,0.87157
0.09610,0.88386,0.76806,0.95983,0.87058
0.09710,0.88386,0.76703,0.95983,0.87024
0.09810,0.88386,0.76316,0.95881,0.86861
0.09910,0.88386,0.76121,0.95881,0.86796
0.10010,0.88386,0.75733,0.95819,0.86646
0.10110,0.88386,0.75605,0.95690,0.86560
0.10210,0.88222,0.75462,0.95609,0.86431
0.10310,0.88041,0.75295,0.95609,0.86315
0.10410,0.87910,0.74947,0.95609,0.86155
0.10511,0.87764,0.74869,0.95609,0.86081
0.10611,0.87721,0.74484,0.95609,0.85938
0.10711,0.87704,0.74413,0.95602,0.85906
0.10811,0.87526,0.74247,0.95588,0.85787
0.10911,0.87526,0.74170,0.95467,0.85721
0.11011,0.87526,0.74019,0.95342,0.85629
0.11111,0.87460,0.73903,0.95342,0.85568
0.11211,0.87280,0.73903,0.95342,0.85508
0.11311,0.87269,0.73730,0.95342,0.85447
0.11411,0.87247,0.73684,0.95257,0.85396
0.11512,0.87247,0.73590,0.95257,0.85365
0.11612,0.87179,0.73360,0.95257,0.85265
0.11712,0.87179,0.73203,0.95257,0.85213
0.11812,0.87179,0.73111,0.95257,0.85182
0.11912,0.87106,0.73031,0.95257,0.85131
0.12012,0.87106,0.72996,0.95257,0.85119
0.12112,0.87106,0.72733,0.95169,0.85002
0.12212,0.87106,0.72598,0.95132,0.84945
0.12312,0.87106,0.72429,0.95132,0.84889
0.12412,0.87106,0.72145,0.95132,0.84794
0.12513,0.87106,0.71879,0.95132,0.84706
0.12613,0.87106,0.71639,0.95132,0.84626
0.12713,0.87106,0.71354,0.95032,0.84497
0.12813,0.87106,0.71063,0.94934,0.84368
0.12913,0.87106,0.71009,0.94832,0.84315
0.13013,0.86941,0.70803,0.94812,0.84185
0.13113,0.86690,0.70494,0.94713,0.83966
0.13213,0.86690,0.70413,0.94611,0.83905
0.13313,0.86632,0.70290,0.94585,0.83836
0.13413,0.86603,0.69992,0.94440,0.83678
0.13514,0.86263,0.69807,0.94353,0.83475
0.13614,0.86027,0.69619,0.94311,0.83319
0.13714,0.85918,0.69328,0.94249,0.83165
0.13814,0.85843,0.69146,0.94238,0.83076
0.13914,0.85843,0.69059,0.94238,0.83046
0.14014,0.85843,0.68934,0.94236,0.83004
0.14114,0.85818,0.68925,0.94236,0.82993
0.14214,0.85795,0.68925,0.94066,0.82929
0.14314,0.85714,0.68776,0.94066,0.82852
0.14414,0.85714,0.68421,0.94066,0.82734
0.14515,0.85591,0.68290,0.94066,0.82649
0.14615,0.85426,0.68192,0.94066,0.82562
0.14715,0.85426,0.67988,0.93979,0.82464
0.14815,0.85418,0.67759,0.93870,0.82349
0.14915,0.85386,0.67668,0.93870,0.82308
0.15015,0.85303,0.67504,0.93870,0.82226
0.15115,0.85232,0.67396,0.93834,0.82154
0.15215,0.85232,0.67157,0.93769,0.82053
0.15315,0.85018,0.66902,0.93769,0.81897
0.15415,0.85018,0.66894,0.93628,0.81847
0.15516,0.84835,0.66772,0.93492,0.81700
0.15616,0.84835,0.66576,0.93427,0.81613
0.15716,0.84835,0.66487,0.93355,0.81559
0.15816,0.84835,0.66406,0.93302,0.81514
0.15916,0.84780,0.66198,0.93275,0.81418
0.16016,0.84664,0.66000,0.93144,0.81269
0.16116,0.84498,0.65701,0.93089,0.81096
0.16216,0.84498,0.65557,0.93000,0.81018
0.16316,0.84498,0.65498,0.93000,0.80999
0.16416,0.84446,0.65326,0.92892,0.80888
0.16517,0.84426,0.65064,0.92892,0.80794
0.16617,0.84406,0.64904,0.92779,0.80696
0.16717,0.84406,0.64582,0.92777,0.80588
0.16817,0.84406,0.64070,0.92777,0.80418
0.16917,0.84406,0.63905,0.92756,0.80356
0.17017,0.84406,0.63847,0.92641,0.80298
0.17117,0.84176,0.63786,0.92562,0.80174
0.17217,0.84029,0.63630,0.92514,0.80058
0.17317,0.84003,0.63432,0.92479,0.79971
0.17417,0.83924,0.63172,0.92371,0.79822
0.17518,0.83924,0.63098,0.92253,0.79758
0.17618,0.83924,0.62929,0.92196,0.79683
0.17718,0.83924,0.62852,0.92108,0.79628
0.17818,0.83709,0.62783,0.92001,0.79498
0.17918,0.83696,0.62466,0.91952,0.79371
0.18018,0.83654,0.62256,0.91913,0.79275
0.18118,0.83580,0.62154,0.91796,0.79176
0.18218,0.83517,0.61855,0.91796,0.79056
0.18318,0.83496,0.61658,0.91775,0.78976
0.18418,0.83384,0.61426,0.91772,0.78861
0.18519,0.83361,0.61163,0.91740,0.78755
0.18619,0.83361,0.60944,0.91733,0.78679
0.18719,0.83361,0.60674,0.91634,0.78556
0.18819,0.83361,0.60586,0.91634,0.78527
0.18919,0.83361,0.60505,0.91634,0.78500
0.19019,0.83361,0.60314,0.91546,0.78407
0.19119,0.83361,0.60157,0.91546,0.78355
0.19219,0.83361,0.60028,0.91478,0.78289
0.19319,0.83361,0.59794,0.91387,0.78180
0.19419,0.83361,0.59468,0.91209,0.78013
0.19520,0.83361,0.59123,0.91087,0.77857
0.19620,0.83361,0.58896,0.90881,0.77712
0.19720,0.83361,0.58585,0.90775,0.77573
0.19820,0.83361,0.58412,0.90683,0.77485
0.19920,0.83361,0.58331,0.90674,0.77455
0.20020,0.83361,0.58225,0.90587,0.77391
0.20120,0.83361,0.58137,0.90452,0.77317
0.20220,0.83361,0.58007,0.90394,0.77254
0.20320,0.83361,0.57841,0.90343,0.77182
0.20420,0.83361,0.57643,0.90240,0.77081
0.20521,0.83279,0.57454,0.90033,0.76922
0.20621,0.83216,0.57398,0.90027,0.76881
0.20721,0.83066,0.57213,0.89853,0.76710
0.20821,0.83031,0.56896,0.89820,0.76582
0.20921,0.83024,0.56663,0.89816,0.76501
0.21021,0.82946,0.56553,0.89816,0.76438
0.21121,0.82878,0.56415,0.89769,0.76354
0.21221,0.82786,0.56245,0.89671,0.76234
0.21321,0.82732,0.56103,0.89557,0.76131
0.21421,0.82732,0.55823,0.89368,0.75974
0.21522,0.82615,0.55730,0.89355,0.75900
0.21622,0.82593,0.55532,0.89317,0.75814
0.21722,0.82556,0.55168,0.89077,0.75600
0.21822,0.82490,0.55009,0.88998,0.75499
0.21922,0.82471,0.54714,0.88981,0.75388
0.22022,0.82441,0.54378,0.88762,0.75194
0.22122,0.82304,0.54260,0.88710,0.75091
0.22222,0.82304,0.54002,0.88607,0.74971
0.22322,0.82304,0.53891,0.88476,0.74890
0.22422,0.82304,0.53701,0.88317,0.74774
0.22523,0.82164,0.53618,0.88204,0.74662
0.22623,0.82105,0.53579,0.88182,0.74622
0.22723,0.82055,0.53217,0.88104,0.74459
0.22823,0.81785,0.53154,0.87769,0.74236
0.22923,0.81785,0.52862,0.87769,0.74139
0.23023,0.81785,0.52718,0.87667,0.74057
0.23123,0.81785,0.52588,0.87626,0.74000
0.23223,0.81785,0.52424,0.87474,0.73894
0.23323,0.81785,0.52259,0.87422,0.73822
0.23423,0.81785,0.52071,0.87342,0.73733
0.23524,0.81785,0.51984,0.87206,0.73658
0.23624,0.81785,0.51908,0.87119,0.73604
0.23724,0.81785,0.51743,0.87053,0.73527
0.23824,0.81785,0.51577,0.87002,0.73455
0.23924,0.81785,0.51439,0.86890,0.73372
0.24024,0.81785,0.51218,0.86814,0.73272
0.24124,0.81785,0.51075,0.86683,0.73181
0.24224,0.81721,0.50881,0.86476,0.73026
0.24324,0.81721,0.50799,0.86318,0.72946
0.24424,0.81721,0.50589,0.86059,0.72790
0.24525,0.81721,0.50474,0.85900,0.72698
0.24625,0.81682,0.50160,0.85769,0.72537
0.24725,0.81682,0.50129,0.85559,0.72457
0.24825,0.81682,0.49892,0.85465,0.72346
0.24925,0.81559,0.49697,0.85262,0.72173
0.25025,0.81517,0.49433,0.85109,0.72020
0.25125,0.81466,0.49203,0.84986,0.71885
0.25225,0.81466,0.49023,0.84937,0.71808
0.25325,0.81411,0.48832,0.84808,0.71684
0.25425,0.81370,0.48594,0.84585,0.71516
0.25526,0.81359,0.48468,0.84425,0.71417
0.25626,0.81359,0.48272,0.84177,0.71270
0.25726,0.81311,0.47987,0.84117,0.71138
0.25826,0.81229,0.47813,0.84005,0.71015
0.25926,0.81190,0.47634,0.83929,0.70918
0.26026,0.81040,0.47456,0.83800,0.70765
0.26126,0.80911,0.47276,0.83554,0.70580
0.26226,0.80790,0.47052,0.83441,0.70428
0.26326,0.80752,0.46735,0.83265,0.70251
0.26426,0.80752,0.46548,0.83046,0.70115
0.26527,0.80708,0.46376,0.82829,0.69971
0.26627,0.80705,0.46236,0.82695,0.69879
0.26727,0.80628,0.45882,0.82605,0.69705
0.26827,0.80595,0.45777,0.82326,0.69566
0.26927,0.80535,0.45541,0.82126,0.69400
0.27027,0.80535,0.45316,0.81985,0.69279
0.27127,0.80476,0.45064,0.81783,0.69108
0.27227,0.80403,0.44766,0.81591,0.68920
0.27327,0.80362,0.44593,0.81439,0.68798
0.27427,0.80339,0.44257,0.81332,0.68643
0.27528,0.80339,0.44126,0.81043,0.68502
0.27628,0.80339,0.43873,0.80878,0.68363
0.27728,0.80339,0.43797,0.80542,0.68226
0.27828,0.80339,0.43631,0.80367,0.68112
0.27928,0.80339,0.43294,0.80028,0.67887
0.28028,0.80320,0.43150,0.79859,0.67776
0.28128,0.80320,0.42910,0.79706,0.67645
0.28228,0.80282,0.42652,0.79617,0.67517
0.28328,0.80281,0.42522,0.79577,0.67460
0.28428,0.80195,0.42351,0.79346,0.67298
0.28529,0.80195,0.42135,0.79181,0.67170
0.28629,0.80187,0.41838,0.78985,0.67003
0.28729,0.80119,0.41570,0.78891,0.66860
0.28829,0.80119,0.41320,0.78739,0.66726
0.28929,0.80067,0.41198,0.78601,0.66622
0.29029,0.80029,0.41028,0.78475,0.66511
0.29129,0.80015,0.40905,0.78242,0.66387
0.29229,0.79993,0.40731,0.78067,0.66264
0.29329,0.79949,0.40485,0.77887,0.66107
0.29429,0.79907,0.40249,0.77626,0.65927
0.29530,0.79907,0.40044,0.77365,0.65772
0.29630,0.79907,0.39831,0.77229,0.65656
0.29730,0.79907,0.39582,0.76859,0.65449
0.29830,0.79885,0.39504,0.76625,0.65338
0.29930,0.79865,0.39257,0.76383,0.65168
0.30030,0.79865,0.39092,0.75913,0.64956
0.30130,0.79858,0.38866,0.75694,0.64806
0.30230,0.79795,0.38675,0.75412,0.64627
0.30330,0.79768,0.38539,0.75161,0.64489
0.30430,0.79754,0.38385,0.74818,0.64319
0.30531,0.79651,0.38239,0.74634,0.64175
0.30631,0.79590,0.38031,0.74189,0.63937
0.30731,0.79529,0.37897,0.73956,0.63794
0.30831,0.79523,0.37700,0.73760,0.63661
0.30931,0.79448,0.37589,0.73471,0.63503
0.31031,0.79448,0.37346,0.73163,0.63319
0.31131,0.79448,0.37040,0.72893,0.63127
0.31231,0.79361,0.36860,0.72562,0.62928
0.31331,0.79356,0.36730,0.72170,0.62752
0.31431,0.79312,0.36545,0.71958,0.62605
0.31532,0.79220,0.36459,0.71567,0.62415
0.31632,0.79187,0.36288,0.71365,0.62280
0.31732,0.79187,0.36011,0.71018,0.62072
0.31832,0.79187,0.35835,0.70721,0.61915
0.31932,0.79111,0.35625,0.70329,0.61688
0.32032,0.79069,0.35408,0.70036,0.61505
0.32132,0.79036,0.35266,0.69669,0.61324
0.32232,0.79036,0.35128,0.69373,0.61179
0.32332,0.79036,0.34956,0.69035,0.61009
0.32432,0.79036,0.34832,0.68452,0.60773
0.32533,0.79036,0.34735,0.67987,0.60586
0.32633,0.79036,0.34538,0.67704,0.60426
0.32733,0.78998,0.34425,0.67567,0.60330
0.32833,0.78932,0.34304,0.67274,0.60170
0.32933,0.78818,0.34130,0.66918,0.59955
0.33033,0.78818,0.33955,0.66472,0.59748
0.33133,0.78818,0.33814,0.66178,0.59603
0.33233,0.78818,0.33666,0.66017,0.59500
0.33333,0.78818,0.33559,0.65737,0.59371
0.33433,0.78731,0.33281,0.65304,0.59105
0.33534,0.78731,0.33107,0.64798,0.58879
0.33634,0.78715,0.32882,0.64557,0.58718
0.33734,0.78715,0.32685,0.64101,0.58501
0.33834,0.78715,0.32486,0.63499,0.58233
0.33934,0.78715,0.32347,0.63056,0.58039
0.34034,0.78715,0.32171,0.62663,0.57850
0.34134,0.78613,0.32044,0.62397,0.57685
0.34234,0.78600,0.31859,0.62018,0.57492
0.34334,0.78600,0.31756,0.61407,0.57254
0.34434,0.78582,0.31644,0.61167,0.57131
0.34535,0.78521,0.31394,0.60804,0.56906
0.34635,0.78400,0.31232,0.60286,0.56640
0.34735,0.78281,0.31173,0.59851,0.56435
0.34835,0.78228,0.31003,0.59377,0.56203
0.34935,0.78110,0.30844,0.59001,0.55985
0.35035,0.78097,0.30680,0.58681,0.55819
0.35135,0.78097,0.30608,0.58196,0.55634
0.35235,0.78097,0.30422,0.57524,0.55348
0.35335,0.78063,0.30181,0.56906,0.55050
0.35435,0.78056,0.30045,0.56624,0.54908
0.35536,0.78019,0.29747,0.56115,0.54627
0.35636,0.77957,0.29602,0.55811,0.54457
0.35736,0.77865,0.29431,0.55504,0.54267
0.35836,0.77862,0.29283,0.54900,0.54015
0.35936,0.77781,0.29132,0.54463,0.53792
0.36036,0.77765,0.28904,0.53961,0.53543
0.36136,0.77765,0.28715,0.53506,0.53328
0.36236,0.77676,0.28607,0.53349,0.53211
0.36336,0.77632,0.28397,0.52960,0.52996
0.36436,0.77446,0.28231,0.52560,0.52746
0.36537,0.77369,0.28155,0.51894,0.52473
0.36637,0.77366,0.28048,0.51274,0.52230
0.36737,0.77361,0.27840,0.50785,0.51995
0.36837,0.77282,0.27563,0.50491,0.51778
0.36937,0.77231,0.27405,0.50130,0.51589
0.37037,0.77179,0.27221,0.49764,0.51388
0.37137,0.77179,0.27121,0.49372,0.51224
0.37237,0.77125,0.26891,0.49148,0.51055
0.37337,0.77106,0.26660,0.48641,0.50802
0.37437,0.77071,0.26545,0.47990,0.50536
0.37538,0.77066,0.26365,0.47578,0.50336
0.37638,0.77066,0.26233,0.47208,0.50169
0.37738,0.77066,0.26032,0.46661,0.49920
0.37838,0.77064,0.25823,0.46327,0.49738
0.37938,0.77064,0.25640,0.45875,0.49526
0.38038,0.77064,0.25495,0.45308,0.49289
0.38138,0.77064,0.25358,0.45046,0.49156
0.38238,0.77064,0.25239,0.44244,0.48849
0.38338,0.77064,0.25090,0.43866,0.48673
0.38438,0.76991,0.24889,0.43575,0.48485
0.38539,0.76917,0.24787,0.43109,0.48271
0.38639,0.76794,0.24639,0.42540,0.47991
0.38739,0.76794,0.24522,0.42094,0.47803
0.38839,0.76794,0.24426,0.41765,0.47662
0.38939,0.76794,0.24231,0.41120,0.47381
0.39039,0.76794,0.24056,0.40728,0.47193
0.39139,0.76792,0.23942,0.40332,0.47022
0.39239,0.76728,0.23831,0.39693,0.46751
0.39339,0.76716,0.23648,0.39285,0.46550
0.39439,0.76679,0.23543,0.38923,0.46381
0.39540,0.76586,0.23374,0.38527,0.46162
0.39640,0.76551,0.23217,0.37929,0.45899
0.39740,0.76468,0.23113,0.37477,0.45686
0.39840,0.76392,0.22969,0.37001,0.45454
0.39940,0.76298,0.22897,0.36521,0.45239
0.40040,0.76223,0.22741,0.36183,0.45049
0.40140,0.76186,0.22623,0.35516,0.44775
0.40240,0.76107,0.22475,0.35168,0.44583
0.40340,0.76079,0.22395,0.34859,0.44444
0.40440,0.76042,0.22217,0.34401,0.44220
0.40541,0.76042,0.22076,0.34031,0.44050
0.40641,0.75980,0.21899,0.33578,0.43819
0.40741,0.75980,0.21795,0.33261,0.43679
0.40841,0.75859,0.21692,0.33065,0.43539
0.40941,0.75859,0.21463,0.32408,0.43243
0.41041,0.75859,0.21374,0.32009,0.43081
0.41141,0.75845,0.21287,0.31610,0.42914
0.41241,0.75668,0.21108,0.30861,0.42545
0.41341,0.75668,0.20938,0.30333,0.42313
0.41441,0.75620,0.20798,0.29852,0.42090
0.41542,0.75620,0.20604,0.29410,0.41878
0.41642,0.75595,0.20470,0.29093,0.41720
0.41742,0.75557,0.20353,0.28517,0.41475
0.41842,0.75500,0.20235,0.28028,0.41254
0.41942,0.75469,0.20050,0.27496,0.41005
0.42042,0.75425,0.19924,0.26847,0.40732
0.42142,0.75425,0.19819,0.26342,0.40529
0.42242,0.75334,0.19673,0.25949,0.40319
0.42342,0.75274,0.19601,0.25670,0.40181
0.42442,0.75213,0.19530,0.25152,0.39965
0.42543,0.75148,0.19389,0.24526,0.39687
0.42643,0.75136,0.19281,0.23951,0.39456
0.42743,0.75041,0.19173,0.23413,0.39209
0.42843,0.74941,0.19043,0.22861,0.38949
0.42943,0.74901,0.18903,0.22495,0.38766
0.43043,0.74866,0.18761,0.22206,0.38611
0.43143,0.74803,0.18670,0.21825,0.38433
0.43243,0.74757,0.18589,0.21448,0.38265
0.43343,0.74712,0.18456,0.20875,0.38014
0.43443,0.74650,0.18391,0.20408,0.37816
0.43544,0.74646,0.18336,0.20184,0.37722
0.43644,0.74646,0.18198,0.19651,0.37498
0.43744,0.74612,0.18007,0.19150,0.37256
0.43844,0.74496,0.17890,0.18558,0.36981
0.43944,0.74496,0.17789,0.18159,0.36815
0.44044,0.74367,0.17710,0.17844,0.36641
0.44144,0.74263,0.17608,0.17339,0.36403
0.44244,0.74137,0.17525,0.17104,0.36256
0.44344,0.74076,0.17407,0.16807,0.36097
0.44444,0.74076,0.17316,0.16457,0.35950
0.44545,0.74049,0.17178,0.16011,0.35746
0.44645,0.73996,0.17046,0.15758,0.35600
0.44745,0.73813,0.16951,0.15312,0.35359
0.44845,0.73643,0.16788,0.14867,0.35099
0.44945,0.73598,0.16620,0.14519,0.34912
0.45045,0.73552,0.16462,0.14193,0.34736
0.45145,0.73416,0.16347,0.13886,0.34550
0.45245,0.73346,0.16271,0.13524,0.34380
0.45345,0.73263,0.16180,0.13070,0.34171
0.45445,0.73263,0.16030,0.12808,0.34033
0.45546,0.73209,0.15883,0.12594,0.33895
0.45646,0.73124,0.15744,0.12276,0.33715
0.45746,0.73124,0.15696,0.12061,0.33627
0.45846,0.73124,0.15545,0.11858,0.33509
0.45946,0.73116,0.15431,0.11534,0.33361
0.46046,0.73098,0.15277,0.11191,0.33189
0.46146,0.73078,0.15189,0.10889,0.33052
0.46246,0.73021,0.15092,0.10669,0.32927
0.46346,0.72930,0.15024,0.10372,0.32775
0.46446,0.72777,0.14876,0.10218,0.32624
0.46547,0.72731,0.14803,0.10036,0.32524
0.46647,0.72576,0.14691,0.09807,0.32358
0.46747,0.72576,0.14568,0.09497,0.32214
0.46847,0.72549,0.14477,0.09207,0.32077
0.46947,0.72549,0.14347,0.09024,0.31973
0.47047,0.72498,0.14223,0.08889,0.31870
0.47147,0.72424,0.14129,0.08555,0.31703
0.47247,0.72424,0.13998,0.08262,0.31561
0.47347,0.72422,0.13857,0.08029,0.31436
0.47447,0.72415,0.13779,0.07781,0.31325
0.47548,0.72311,0.13709,0.07541,0.31187
0.47648,0.72301,0.13604,0.07371,0.31092
0.47748,0.72236,0.13549,0.07103,0.30963
0.47848,0.72222,0.13401,0.06902,0.30842
0.47948,0.72209,0.13288,0.06621,0.30706
0.48048,0.72199,0.13221,0.06352,0.30591
0.48148,0.72124,0.13130,0.06163,0.30472
0.48248,0.72022,0.13028,0.05937,0.30329
0.48348,0.71909,0.12952,0.05744,0.30202
0.48448,0.71863,0.12865,0.05605,0.30111
0.48549,0.71680,0.12760,0.05391,0.29944
0.48649,0.71521,0.12641,0.05149,0.29770
0.48749,0.71496,0.12496,0.04968,0.29653
0.48849,0.71403,0.12413,0.04771,0.29529
0.48949,0.71364,0.12273,0.04525,0.29387
0.49049,0.71312,0.12208,0.04422,0.29314
0.49149,0.71243,0.12097,0.04155,0.29165
0.49249,0.71216,0.12013,0.03904,0.29044
0.49349,0.71095,0.11927,0.03662,0.28895
0.49449,0.71058,0.11882,0.00000,0.27647
0.49550,0.71031,0.11803,0.00000,0.27612
0.49650,0.70964,0.11702,0.00000,0.27555
0.49750,0.70794,0.11652,0.00000,0.27482
0.49850,0.70664,0.11559,0.00000,0.27408
0.49950,0.70529,0.11442,0.00000,0.27324
0.50050,0.70420,0.11342,0.00000,0.27254
0.50150,0.70356,0.11282,0.00000,0.27213
0.50250,0.70356,0.11181,0.00000,0.27179
0.50350,0.70312,0.11131,0.00000,0.27148
0.50450,0.70251,0.11025,0.00000,0.27092
0.50551,0.70251,0.10887,0.00000,0.27046
0.50651,0.70204,0.10787,0.00000,0.26997
0.50751,0.70100,0.10671,0.00000,0.26924
0.50851,0.70015,0.10576,0.00000,0.26864
0.50951,0.69874,0.10450,0.00000,0.26774
0.51051,0.69839,0.10371,0.00000,0.26737
0.51151,0.69688,0.10304,0.00000,0.26664
0.51251,0.69587,0.10245,0.00000,0.26611
0.51351,0.69493,0.10204,0.00000,0.26566
0.51451,0.69318,0.10140,0.00000,0.26486
0.51552,0.69163,0.10052,0.00000,0.26405
0.51652,0.69041,0.09987,0.00000,0.26343
0.51752,0.68948,0.09890,0.00000,0.26280
0.51852,0.68780,0.09793,0.00000,0.26191
0.51952,0.68749,0.09701,0.00000,0.26150
0.52052,0.68729,0.09618,0.00000,0.26116
0.52152,0.68582,0.09498,0.00000,0.26027
0.52252,0.68582,0.09356,0.00000,0.25979
0.52352,0.68422,0.09287,0.00000,0.25903
0.52452,0.68365,0.09188,0.00000,0.25851
0.52553,0.68160,0.09104,0.00000,0.25754
0.52653,0.68045,0.09032,0.00000,0.25692
0.52753,0.67855,0.08948,0.00000,0.25601
0.52853,0.67781,0.08844,0.00000,0.25541
0.52953,0.67751,0.08772,0.00000,0.25508
0.53053,0.67593,0.08696,0.00000,0.25430
0.53153,0.67470,0.08586,0.00000,0.25352
0.53253,0.67401,0.08522,0.00000,0.25308
0.53353,0.67326,0.08437,0.00000,0.25254
0.53453,0.67296,0.08340,0.00000,0.25212
0.53554,0.66979,0.08267,0.00000,0.25082
0.53654,0.66900,0.08196,0.00000,0.25032
0.53754,0.66772,0.08141,0.00000,0.24971
0.53854,0.66672,0.08086,0.00000,0.24919
0.53954,0.66518,0.08033,0.00000,0.24850
0.54054,0.66181,0.07977,0.00000,0.24719
0.54154,0.66073,0.07915,0.00000,0.24663
0.54254,0.65710,0.07845,0.00000,0.24518
0.54354,0.65526,0.07770,0.00000,0.24432
0.54454,0.65266,0.07716,0.00000,0.24327
0.54555,0.65210,0.07639,0.00000,0.24283
0.54655,0.65016,0.07563,0.00000,0.24193
0.54755,0.64952,0.07466,0.00000,0.24139
0.54855,0.64771,0.07362,0.00000,0.24044
0.54955,0.64697,0.07265,0.00000,0.23987
0.55055,0.64509,0.07148,0.00000,0.23886
0.55155,0.64466,0.07060,0.00000,0.23842
0.55255,0.64319,0.06976,0.00000,0.23765
0.55355,0.64208,0.06898,0.00000,0.23702
0.55455,0.64098,0.06832,0.00000,0.23643
0.55556,0.63905,0.06738,0.00000,0.23548
0.55656,0.63891,0.06677,0.00000,0.23523
0.55756,0.63695,0.06604,0.00000,0.23433
0.55856,0.63598,0.06536,0.00000,0.23378
0.55956,0.63464,0.06455,0.00000,0.23306
0.56056,0.63430,0.06352,0.00000,0.23261
0.56156,0.63092,0.06288,0.00000,0.23127
0.56256,0.62976,0.06246,0.00000,0.23074
0.56356,0.62798,0.06176,0.00000,0.22991
0.56456,0.62613,0.06099,0.00000,0.22904
0.56557,0.62445,0.05961,0.00000,0.22802
0.56657,0.62135,0.05870,0.00000,0.22668
0.56757,0.61754,0.05765,0.00000,0.22506
0.56857,0.61595,0.05685,0.00000,0.22427
0.56957,0.61435,0.05606,0.00000,0.22347
0.57057,0.61227,0.05509,0.00000,0.22245
0.57157,0.60844,0.05419,0.00000,0.22088
0.57257,0.60589,0.05352,0.00000,0.21980
0.57357,0.60497,0.05287,0.00000,0.21928
0.57457,0.60340,0.05211,0.00000,0.21851
0.57558,0.60157,0.05114,0.00000,0.21757
0.57658,0.59886,0.05027,0.00000,0.21638
0.57758,0.59751,0.04898,0.00000,0.21550
0.57858,0.59597,0.00000,0.00000,0.19866
0.57958,0.59423,0.00000,0.00000,0.19808
0.58058,0.59055,0.00000,0.00000,0.19685
0.58158,0.58894,0.00000,0.00000,0.19631
0.58258,0.58558,0.00000,0.00000,0.19519
0.58358,0.58205,0.00000,0.00000,0.19402
0.58458,0.58126,0.00000,0.00000,0.19375
0.58559,0.57934,0.00000,0.00000,0.19311
0.58659,0.57605,0.00000,0.00000,0.19202
0.58759,0.57373,0.00000,0.00000,0.19124
0.58859,0.57119,0.00000,0.00000,0.19040
0.58959,0.56914,0.00000,0.00000,0.18971
0.59059,0.56644,0.00000,0.00000,0.18881
0.59159,0.56300,0.00000,0.00000,0.18767
0.59259,0.56116,0.00000,0.00000,0.18705
0.59359,0.56034,0.00000,0.00000,0.18678
0.59459,0.55615,0.00000,0.00000,0.18538
0.59560,0.55260,0.00000,0.00000,0.18420
0.59660,0.54830,0.00000,0.00000,0.18277
0.59760,0.54606,0.00000,0.00000,0.18202
0.59860,0.54326,0.00000,0.00000,0.18109
0.59960,0.54225,0.00000,0.00000,0.18075
0.60060,0.53964,0.00000,0.00000,0.17988
0.60160,0.53684,0.00000,0.00000,0.17895
0.60260,0.53526,0.00000,0.00000,0.17842
0.60360,0.53185,0.00000,0.00000,0.17728
0.60460,0.52892,0.00000,0.00000,0.17631
0.60561,0.52434,0.00000,0.00000,0.17478
0.60661,0.52315,0.00000,0.00000,0.17438
0.60761,0.51946,0.00000,0.00000,0.17315
0.60861,0.51783,0.00000,0.00000,0.17261
0.60961,0.51353,0.00000,0.00000,0.17118
0.61061,0.50921,0.00000,0.00000,0.16974
0.61161,0.50716,0.00000,0.00000,0.16905
0.61261,0.50469,0.00000,0.00000,0.16823
0.61361,0.50115,0.00000,0.00000,0.16705
0.61461,0.49799,0.00000,0.00000,0.16600
0.61562,0.49676,0.00000,0.00000,0.16559
0.61662,0.49016,0.00000,0.00000,0.16339
0.61762,0.48578,0.00000,0.00000,0.16193
0.61862,0.48282,0.00000,0.00000,0.16094
0.61962,0.47929,0.00000,0.00000,0.15976
0.62062,0.47651,0.00000,0.00000,0.15884
0.62162,0.47455,0.00000,0.00000,0.15818
0.62262,0.47099,0.00000,0.00000,0.15700
0.62362,0.46975,0.00000,0.00000,0.15658
0.62462,0.46599,0.00000,0.00000,0.15533
0.62563,0.46327,0.00000,0.00000,0.15442
0.62663,0.46086,0.00000,0.00000,0.15362
0.62763,0.45857,0.00000,0.00000,0.15286
0.62863,0.45614,0.00000,0.00000,0.15205
0.62963,0.45321,0.00000,0.00000,0.15107
0.63063,0.45125,0.00000,0.00000,0.15042
0.63163,0.44818,0.00000,0.00000,0.14939
0.63263,0.44673,0.00000,0.00000,0.14891
0.63363,0.44354,0.00000,0.00000,0.14785
0.63463,0.44082,0.00000,0.00000,0.14694
0.63564,0.43720,0.00000,0.00000,0.14573
0.63664,0.43466,0.00000,0.00000,0.14489
0.63764,0.42949,0.00000,0.00000,0.14316
0.63864,0.42780,0.00000,0.00000,0.14260
0.63964,0.42665,0.00000,0.00000,0.14222
0.64064,0.42552,0.00000,0.00000,0.14184
0.64164,0.42330,0.00000,0.00000,0.14110
0.64264,0.42028,0.00000,0.00000,0.14009
0.64364,0.41631,0.00000,0.00000,0.13877
0.64464,0.41428,0.00000,0.00000,0.13809
0.64565,0.41240,0.00000,0.00000,0.13747
0.64665,0.40882,0.00000,0.00000,0.13627
0.64765,0.40602,0.00000,0.00000,0.13534
0.64865,0.40301,0.00000,0.00000,0.13434
0.64965,0.40050,0.00000,0.00000,0.13350
0.65065,0.39888,0.00000,0.00000,0.13296
0.65165,0.39328,0.00000,0.00000,0.13109
0.65265,0.38991,0.00000,0.00000,0.12997
0.65365,0.38394,0.00000,0.00000,0.12798
0.65465,0.38053,0.00000,0.00000,0.12684
0.65566,0.37723,0.00000,0.00000,0.12574
0.65666,0.37552,0.00000,0.00000,0.12517
0.65766,0.37191,0.00000,0.00000,0.12397
0.65866,0.37029,0.00000,0.00000,0.12343
0.65966,0.36588,0.00000,0.00000,0.12196
0.66066,0.36263,0.00000,0.00000,0.12088
0.66166,0.35835,0.00000,0.00000,0.11945
0.66266,0.35464,0.00000,0.00000,0.11821
0.66366,0.35284,0.00000,0.00000,0.11761
0.66466,0.34771,0.00000,0.00000,0.11590
0.66567,0.34475,0.00000,0.00000,0.11492
0.66667,0.34180,0.00000,0.00000,0.11393
0.66767,0.33585,0.00000,0.00000,0.11195
0.66867,0.33141,0.00000,0.00000,0.11047
0.66967,0.32869,0.00000,0.00000,0.10956
0.67067,0.32711,0.00000,0.00000,0.10904
0.67167,0.32426,0.00000,0.00000,0.10809
0.67267,0.32189,0.00000,0.00000,0.10730
0.67367,0.31970,0.00000,0.00000,0.10657
0.67467,0.31486,0.00000,0.00000,0.10495
0.67568,0.31143,0.00000,0.00000,0.10381
0.67668,0.30741,0.00000,0.00000,0.10247
0.67768,0.30344,0.00000,0.00000,0.10115
0.67868,0.30052,0.00000,0.00000,0.10017
0.67968,0.29754,0.00000,0.00000,0.09918
0.68068,0.29463,0.00000,0.00000,0.09821
0.68168,0.29207,0.00000,0.00000,0.09736
0.68268,0.28624,0.00000,0.00000,0.09541
0.68368,0.28358,0.00000,0.00000,0.09453
0.68468,0.28220,0.00000,0.00000,0.09407
0.68569,0.27831,0.00000,0.00000,0.09277
0.68669,0.27709,0.00000,0.00000,0.09236
0.68769,0.27406,0.00000,0.00000,0.09135
0.68869,0.26901,0.00000,0.00000,0.08967
0.68969,0.26366,0.00000,0.00000,0.08789
0.69069,0.26161,0.00000,0.00000,0.08720
0.69169,0.25607,0.00000,0.00000,0.08536
0.69269,0.25328,0.00000,0.00000,0.08443
0.69369,0.25226,0.00000,0.00000,0.08409
0.69469,0.24995,0.00000,0.00000,0.08332
0.69570,0.24644,0.00000,0.00000,0.08215
0.69670,0.24359,0.00000,0.00000,0.08120
0.69770,0.23712,0.00000,0.00000,0.07904
0.69870,0.23344,0.00000,0.00000,0.07781
0.69970,0.22997,0.00000,0.00000,0.07666
0.70070,0.22640,0.00000,0.00000,0.07547
0.70170,0.22341,0.00000,0.00000,0.07447
0.70270,0.22192,0.00000,0.00000,0.07397
0.70370,0.22020,0.00000,0.00000,0.07340
0.70470,0.21696,0.00000,0.00000,0.07232
0.70571,0.21472,0.00000,0.00000,0.07157
0.70671,0.21217,0.00000,0.00000,0.07072
0.70771,0.20814,0.00000,0.00000,0.06938
0.70871,0.20473,0.00000,0.00000,0.06824
0.70971,0.20317,0.00000,0.00000,0.06772
0.71071,0.19800,0.00000,0.00000,0.06600
0.71171,0.19507,0.00000,0.00000,0.06502
0.71271,0.19093,0.00000,0.00000,0.06364
0.71371,0.18900,0.00000,0.00000,0.06300
0.71471,0.18479,0.00000,0.00000,0.06160
0.71572,0.18239,0.00000,0.00000,0.06080
0.71672,0.17888,0.00000,0.00000,0.05963
0.71772,0.17591,0.00000,0.00000,0.05864
0.71872,0.17363,0.00000,0.00000,0.05788
0.71972,0.17099,0.00000,0.00000,0.05700
0.72072,0.16709,0.00000,0.00000,0.05570
0.72172,0.16337,0.00000,0.00000,0.05446
0.72272,0.16008,0.00000,0.00000,0.05336
0.72372,0.15796,0.00000,0.00000,0.05265
0.72472,0.15400,0.00000,0.00000,0.05133
0.72573,0.14874,0.00000,0.00000,0.04958
0.72673,0.14614,0.00000,0.00000,0.04871
0.72773,0.14231,0.00000,0.00000,0.04744
0.72873,0.00000,0.00000,0.00000,0.00000
0.72973,0.00000,0.00000,0.00000,0.00000
0.73073,0.00000,0.00000,0.00000,0.00000
0.73173,0.00000,0.00000,0.00000,0.00000
0.73273,0.00000,0.00000,0.00000,0.00000
0.73373,0.00000,0.00000,0.00000,0.00000
0.73473,0.00000,0.00000,0.00000,0.00000
0.73574,0.00000,0.00000,0.00000,0.00000
0.73674,0.00000,0.00000,0.00000,0.00000
0.73774,0.00000,0.00000,0.00000,0.00000
0.73874,0.00000,0.00000,0.00000,0.00000
0.73974,0.00000,0.00000,0.00000,0.00000
0.74074,0.00000,0.00000,0.00000,0.00000
0.74174,0.00000,0.00000,0.00000,0.00000
0.74274,0.00000,0.00000,0.00000,0.00000
0.74374,0.00000,0.00000,0.00000,0.00000
0.74474,0.00000,0.00000,0.00000,0.00000
0.74575,0.00000,0.00000,0.00000,0.00000
0.74675,0.00000,0.00000,0.00000,0.00000
0.74775,0.00000,0.00000,0.00000,0.00000
0.74875,0.00000,0.00000,0.00000,0.00000
0.74975,0.00000,0.00000,0.00000,0.00000
0.75075,0.00000,0.00000,0.00000,0.00000
0.75175,0.00000,0.00000,0.00000,0.00000
0.75275,0.00000,0.00000,0.00000,0.00000
0.75375,0.00000,0.00000,0.00000,0.00000
0.75475,0.00000,0.00000,0.00000,0.00000
0.75576,0.00000,0.00000,0.00000,0.00000
0.75676,0.00000,0.00000,0.00000,0.00000
0.75776,0.00000,0.00000,0.00000,0.00000
0.75876,0.00000,0.00000,0.00000,0.00000
0.75976,0.00000,0.00000,0.00000,0.00000
0.76076,0.00000,0.00000,0.00000,0.00000
0.76176,0.00000,0.00000,0.00000,0.00000
0.76276,0.00000,0.00000,0.00000,0.00000
0.76376,0.00000,0.00000,0.00000,0.00000
0.76476,0.00000,0.00000,0.00000,0.00000
0.76577,0.00000,0.00000,0.00000,0.00000
0.76677,0.00000,0.00000,0.00000,0.00000
0.76777,0.00000,0.00000,0.00000,0.00000
0.76877,0.00000,0.00000,0.00000,0.00000
0.76977,0.00000,0.00000,0.00000,0.00000
0.77077,0.00000,0.00000,0.00000,0.00000
0.77177,0.00000,0.00000,0.00000,0.00000
0.77277,0.00000,0.00000,0.00000,0.00000
0.77377,0.00000,0.00000,0.00000,0.00000
0.77477,0.00000,0.00000,0.00000,0.00000
0.77578,0.00000,0.00000,0.00000,0.00000
0.77678,0.00000,0.00000,0.00000,0.00000
0.77778,0.00000,0.00000,0.00000,0.00000
0.77878,0.00000,0.00000,0.00000,0.00000
0.77978,0.00000,0.00000,0.00000,0.00000
0.78078,0.00000,0.00000,0.00000,0.00000
0.78178,0.00000,0.00000,0.00000,0.00000
0.78278,0.00000,0.00000,0.00000,0.00000
0.78378,0.00000,0.00000,0.00000,0.00000
0.78478,0.00000,0.00000,0.00000,0.00000
0.78579,0.00000,0.00000,0.00000,0.00000
0.78679,0.00000,0.00000,0.00000,0.00000
0.78779,0.00000,0.00000,0.00000,0.00000
0.78879,0.00000,0.00000,0.00000,0.00000
0.78979,0.00000,0.00000,0.00000,0.00000
0.79079,0.00000,0.00000,0.00000,0.00000
0.79179,0.00000,0.00000,0.00000,0.00000
0.79279,0.00000,0.00000,0.00000,0.00000
0.79379,0.00000,0.00000,0.00000,0.00000
0.79479,0.00000,0.00000,0.00000,0.00000
0.79580,0.00000,0.00000,0.00000,0.00000
0.79680,0.00000,0.00000,0.00000,0.00000
0.79780,0.00000,0.00000,0.00000,0.00000
0.79880,0.00000,0.00000,0.00000,0.00000
0.79980,0.00000,0.00000,0.00000,0.00000
0.80080,0.00000,0.00000,0.00000,0.00000
0.80180,0.00000,0.00000,0.00000,0.00000
0.80280,0.00000,0.00000,0.00000,0.00000
0.80380,0.00000,0.00000,0.00000,0.00000
0.80480,0.00000,0.00000,0.00000,0.00000
0.80581,0.00000,0.00000,0.00000,0.00000
0.80681,0.00000,0.00000,0.00000,0.00000
0.80781,0.00000,0.00000,0.00000,0.00000
0.80881,0.00000,0.00000,0.00000,0.00000
0.80981,0.00000,0.00000,0.00000,0.00000
0.81081,0.00000,0.00000,0.00000,0.00000
0.81181,0.00000,0.00000,0.00000,0.00000
0.81281,0.00000,0.00000,0.00000,0.00000
0.81381,0.00000,0.00000,0.00000,0.00000
0.81481,0.00000,0.00000,0.00000,0.00000
0.81582,0.00000,0.00000,0.00000,0.00000
0.81682,0.00000,0.00000,0.00000,0.00000
0.81782,0.00000,0.00000,0.00000,0.00000
0.81882,0.00000,0.00000,0.00000,0.00000
0.81982,0.00000,0.00000,0.00000,0.00000
0.82082,0.00000,0.00000,0.00000,0.00000
0.82182,0.00000,0.00000,0.00000,0.00000
0.82282,0.00000,0.00000,0.00000,0.00000
0.82382,0.00000,0.00000,0.00000,0.00000
0.82482,0.00000,0.00000,0.00000,0.00000
0.82583,0.00000,0.00000,0.00000,0.00000
0.82683,0.00000,0.00000,0.00000,0.00000
0.82783,0.00000,0.00000,0.00000,0.00000
0.82883,0.00000,0.00000,0.00000,0.00000
0.82983,0.00000,0.00000,0.00000,0.00000
0.83083,0.00000,0.00000,0.00000,0.00000
0.83183,0.00000,0.00000,0.00000,0.00000
0.83283,0.00000,0.00000,0.00000,0.00000
0.83383,0.00000,0.00000,0.00000,0.00000
0.83483,0.00000,0.00000,0.00000,0.00000
0.83584,0.00000,0.00000,0.00000,0.00000
0.83684,0.00000,0.00000,0.00000,0.00000
0.83784,0.00000,0.00000,0.00000,0.00000
0.83884,0.00000,0.00000,0.00000,0.00000
0.83984,0.00000,0.00000,0.00000,0.00000
0.84084,0.00000,0.00000,0.00000,0.00000
0.84184,0.00000,0.00000,0.00000,0.00000
0.84284,0.00000,0.00000,0.00000,0.00000
0.84384,0.00000,0.00000,0.00000,0.00000
0.84484,0.00000,0.00000,0.00000,0.00000
0.84585,0.00000,0.00000,0.00000,0.00000
0.84685,0.00000,0.00000,0.00000,0.00000
0.84785,0.00000,0.00000,0.00000,0.00000
0.84885,0.00000,0.00000,0.00000,0.00000
0.84985,0.00000,0.00000,0.00000,0.00000
0.85085,0.00000,0.00000,0.00000,0.00000
0.85185,0.00000,0.00000,0.00000,0.00000
0.85285,0.00000,0.00000,0.00000,0.00000
0.85385,0.00000,0.00000,0.00000,0.00000
0.85485,0.00000,0.00000,0.00000,0.00000
0.85586,0.00000,0.00000,0.00000,0.00000
0.85686,0.00000,0.00000,0.00000,0.00000
0.85786,0.00000,0.00000,0.00000,0.00000
0.85886,0.00000,0.00000,0.00000,0.00000
0.85986,0.00000,0.00000,0.00000,0.00000
0.86086,0.00000,0.00000,0.00000,0.00000
0.86186,0.00000,0.00000,0.00000,0.00000
0.86286,0.00000,0.00000,0.00000,0.00000
0.86386,0.00000,0.00000,0.00000,0.00000
0.86486,0.00000,0.00000,0.00000,0.00000
0.86587,0.00000,0.00000,0.00000,0.00000
0.86687,0.00000,0.00000,0.00000,0.00000
0.86787,0.00000,0.00000,0.00000,0.00000
0.86887,0.00000,0.00000,0.00000,0.00000
0.86987,0.00000,0.00000,0.00000,0.00000
0.87087,0.00000,0.00000,0.00000,0.00000
0.87187,0.00000,0.00000,0.00000,0.00000
0.87287,0.00000,0.00000,0.00000,0.00000
0.87387,0.00000,0.00000,0.00000,0.00000
0.87487,0.00000,0.00000,0.00000,0.00000
0.87588,0.00000,0.00000,0.00000,0.00000
0.87688,0.00000,0.00000,0.00000,0.00000
0.87788,0.00000,0.00000,0.00000,0.00000
0.87888,0.00000,0.00000,0.00000,0.00000
0.87988,0.00000,0.00000,0.00000,0.00000
0.88088,0.00000,0.00000,0.00000,0.00000
0.88188,0.00000,0.00000,0.00000,0.00000
0.88288,0.00000,0.00000,0.00000,0.00000
0.88388,0.00000,0.00000,0.00000,0.00000
0.88488,0.00000,0.00000,0.00000,0.00000
0.88589,0.00000,0.00000,0.00000,0.00000
0.88689,0.00000,0.00000,0.00000,0.00000
0.88789,0.00000,0.00000,0.00000,0.00000
0.88889,0.00000,0.00000,0.00000,0.00000
0.88989,0.00000,0.00000,0.00000,0.00000
0.89089,0.00000,0.00000,0.00000,0.00000
0.89189,0.00000,0.00000,0.00000,0.00000
0.89289,0.00000,0.00000,0.00000,0.00000
0.89389,0.00000,0.00000,0.00000,0.00000
0.89489,0.00000,0.00000,0.00000,0.00000
0.89590,0.00000,0.00000,0.00000,0.00000
0.89690,0.00000,0.00000,0.00000,0.00000
0.89790,0.00000,0.00000,0.00000,0.00000
0.89890,0.00000,0.00000,0.00000,0.00000
0.89990,0.00000,0.00000,0.00000,0.00000
0.90090,0.00000,0.00000,0.00000,0.00000
0.90190,0.00000,0.00000,0.00000,0.00000
0.90290,0.00000,0.00000,0.00000,0.00000
0.90390,0.00000,0.00000,0.00000,0.00000
0.90490,0.00000,0.00000,0.00000,0.00000
0.90591,0.00000,0.00000,0.00000,0.00000
0.90691,0.00000,0.00000,0.00000,0.00000
0.90791,0.00000,0.00000,0.00000,0.00000
0.90891,0.00000,0.00000,0.00000,0.00000
0.90991,0.00000,0.00000,0.00000,0.00000
0.91091,0.00000,0.00000,0.00000,0.00000
0.91191,0.00000,0.00000,0.00000,0.00000
0.91291,0.00000,0.00000,0.00000,0.00000
0.91391,0.00000,0.00000,0.00000,0.00000
0.91491,0.00000,0.00000,0.00000,0.00000
0.91592,0.00000,0.00000,0.00000,0.00000
0.91692,0.00000,0.00000,0.00000,0.00000
0.91792,0.00000,0.00000,0.00000,0.00000
0.91892,0.00000,0.00000,0.00000,0.00000
0.91992,0.00000,0.00000,0.00000,0.00000
0.92092,0.00000,0.00000,0.00000,0.00000
0.92192,0.00000,0.00000,0.00000,0.00000
0.92292,0.00000,0.00000,0.00000,0.00000
0.92392,0.00000,0.00000,0.00000,0.00000
0.92492,0.00000,0.00000,0.00000,0.00000
0.92593,0.00000,0.00000,0.00000,0.00000
0.92693,0.00000,0.00000,0.00000,0.00000
0.92793,0.00000,0.00000,0.00000,0.00000
0.92893,0.00000,0.00000,0.00000,0.00000
0.92993,0.00000,0.00000,0.00000,0.00000
0.93093,0.00000,0.00000,0.00000,0.00000
0.93193,0.00000,0.00000,0.00000,0.00000
0.93293,0.00000,0.00000,0.00000,0.00000
0.93393,0.00000,0.00000,0.00000,0.00000
0.93493,0.00000,0.00000,0.00000,0.00000
0.93594,0.00000,0.00000,0.00000,0.00000
0.93694,0.00000,0.00000,0.00000,0.00000
0.93794,0.00000,0.00000,0.00000,0.00000
0.93894,0.00000,0.00000,0.00000,0.00000
0.93994,0.00000,0.00000,0.00000,0.00000
0.94094,0.00000,0.00000,0.00000,0.00000
0.94194,0.00000,0.00000,0.00000,0.00000
0.94294,0.00000,0.00000,0.00000,0.00000
0.94394,0.00000,0.00000,0.00000,0.00000
0.94494,0.00000,0.00000,0.00000,0.00000
0.94595,0.00000,0.00000,0.00000,0.00000
0.94695,0.00000,0.00000,0.00000,0.00000
0.94795,0.00000,0.00000,0.00000,0.00000
0.94895,0.00000,0.00000,0.00000,0.00000
0.94995,0.00000,0.00000,0.00000,0.00000
0.95095,0.00000,0.00000,0.00000,0.00000
0.95195,0.00000,0.00000,0.00000,0.00000
0.95295,0.00000,0.00000,0.00000,0.00000
0.95395,0.00000,0.00000,0.00000,0.00000
0.95495,0.00000,0.00000,0.00000,0.00000
0.95596,0.00000,0.00000,0.00000,0.00000
0.95696,0.00000,0.00000,0.00000,0.00000
0.95796,0.00000,0.00000,0.00000,0.00000
0.95896,0.00000,0.00000,0.00000,0.00000
0.95996,0.00000,0.00000,0.00000,0.00000
0.96096,0.00000,0.00000,0.00000,0.00000
0.96196,0.00000,0.00000,0.00000,0.00000
0.96296,0.00000,0.00000,0.00000,0.00000
0.96396,0.00000,0.00000,0.00000,0.00000
0.96496,0.00000,0.00000,0.00000,0.00000
0.96597,0.00000,0.00000,0.00000,0.00000
0.96697,0.00000,0.00000,0.00000,0.00000
0.96797,0.00000,0.00000,0.00000,0.00000
0.96897,0.00000,0.00000,0.00000,0.00000
0.96997,0.00000,0.00000,0.00000,0.00000
0.97097,0.00000,0.00000,0.00000,0.00000
0.97197,0.00000,0.00000,0.00000,0.00000
0.97297,0.00000,0.00000,0.00000,0.00000
0.97397,0.00000,0.00000,0.00000,0.00000
0.97497,0.00000,0.00000,0.00000,0.00000
0.97598,0.00000,0.00000,0.00000,0.00000
0.97698,0.00000,0.00000,0.00000,0.00000
0.97798,0.00000,0.00000,0.00000,0.00000
0.97898,0.00000,0.00000,0.00000,0.00000
0.97998,0.00000,0.00000,0.00000,0.00000
0.98098,0.00000,0.00000,0.00000,0.00000
0.98198,0.00000,0.00000,0.00000,0.00000
0.98298,0.00000,0.00000,0.00000,0.00000
0.98398,0.00000,0.00000,0.00000,0.00000
0.98498,0.00000,0.00000,0.00000,0.00000
0.98599,0.00000,0.00000,0.00000,0.00000
0.98699,0.00000,0.00000,0.00000,0.00000
0.98799,0.00000,0.00000,0.00000,0.00000
0.98899,0.00000,0.00000,0.00000,0.00000
0.98999,0.00000,0.00000,0.00000,0.00000
0.99099,0.00000,0.00000,0.00000,0.00000
0.99199,0.00000,0.00000,0.00000,0.00000
0.99299,0.00000,0.00000,0.00000,0.00000
0.99399,0.00000,0.00000,0.00000,0.00000
0.99499,0.00000,0.00000,0.00000,0.00000
0.99600,0.00000,0.00000,0.00000,0.00000
0.99700,0.00000,0.00000,0.00000,0.00000
0.99800,0.00000,0.00000,0.00000,0.00000
0.99900,0.00000,0.00000,0.00000,0.00000
1.00000,0.00000,0.00000,0.00000,0.00000
